,title,location,company,salary,summary
0,Junior Frontend Engineer (Remote),Remote,"Flip to, Inc.","$60,000 - $90,000 a year","You would support our engineering team with customer integrations, provide ad hoc technical solutions, and interact with our clients across the world."
1,Junior Software Engineer,"Remote in Atlanta, GA",Salesloft,Full-time,We are looking for a *Junior Software Engineer* who understands fundamental computer science concepts to use modern tools and techniques to build world-class…
2,Junior Software Engineer,Remote,Xometry Inc,Full-time +1,"0-3 years of experience in a fast-paced technical, problem-solving environment as a software developer or software engineering intern."
3,Jr. Java Developer,Remote,Emonics,"From $60,000 a year",Bachelors / Master’s / Associate Degree in Computer Science /Engineering/MIS/Associate is preferred.Some programming experience like Java/JavaScript/Core Java…
4,Junior Developer,Remote,Silverback Strategies,,Assist with the management of technical projects throughout the development lifecycle and work alongside your teammates.401(k) with Employer Match.
5,Junior Java Developer,Remote,Genspark,Full-time,"1-4 year of working experience in developing business applications using OOPS concepts (without this experience, you may be considered for more junior training…"
6,Junior Software Developer,Remote,TRISTAR,Full-time,"Participate in a team of developers to solve issues, create solutions, provide support for deployed applications.Employee Type: Full-Time/ Exempt."
7,Junior Software Engineer,Remote,Luxoft,,"Team is responsible for the building the group of services, which will inject data from upstream systems into Analytical Platform, transform and store."
8,Jr Full Stack Developer (Remote - Working on Pacific Time),"Remote in Grand Rapids, MI",Terry Berry,Full-time,BS degree in Computer Science or equivalent.1 -2 years Laravel/PHP.1 -2 years VueJS or similar Javascript framework.Ability to work on Pacific time.
9,Junior iOS Developer (Remote),"Remote in Boston, MA",Drizly,"$78,200 - $92,000 a year","Drizly offers a huge selection and competitive pricing with a side of personalized content.Coworkers would describe you as a flexible, open communicator that…"
10,Junior WordPress Developer,Remote,Market My Market,$18 - $27 an hour,The candidate must be able to consider the end-user experience as well as the back-end usability and flexibility.Part-Time or Full-time.
11,Junior Software Engineer - Remot,Remote,"GPM Investments, LLC",Full-time,We are looking for an experienced developer who can solve any problem with various technologies.Some hands-on experience as a software developer or BS/MS…
12,Junior Software Developer (FT),Remote,Compliance Solutions Strategies,Full-time,"As a member of the CSS Software Development team, you will participate in the design, development, and implementation of an existing regulatory reporting system…"
13,Junior Mainframe Developer(W2 only),Remote,KSM Technologies,Full-time +3,"Job Types: Full-time, Part-time, Contract, Temporary."
14,Jr. Ruby on Rails Developer,Remote,HSI,Full-time,Interact closely with other developers and support in a team environment to resolve defects and clarify business needs.Integration of user-facing elements.
15,Junior Developer,Remote,Silverback Strategies,,Assist with the management of technical projects throughout the development lifecycle and work alongside your teammates.401(k) with Employer Match.
16,Jr .Net Developer,Remote,N9 IT SOLUTIONS,$30 - $50 an hour,(Authorized to work anywhere in the USA and for only those who are staying in the USA).Analyze requirements/ user stories and collaborate with internal teams…
17,Jr. Java Developer,Remote,Softnice Inc.,"$70,000 - $85,000 a year","BS/MS degree in Computer Science, Engineering or a related subject.Proven hands-on Software Development experience."
18,Junior Software Engineer,Remote,Xometry Inc,Full-time +1,"0-3 years of experience in a fast-paced technical, problem-solving environment as a software developer or software engineering intern."
19,Jr. Ruby on Rails Developer,Remote,HSI,Full-time,Interact closely with other developers and support in a team environment to resolve defects and clarify business needs.Integration of user-facing elements.
20,Junior Web Developer,Remote,Victory,Part-time,"We are looking for an outstanding Web Developer to be responsible for the coding, innovative design and layout of our client's websites."
21,Junior Back-End Software Developer,Remote,Warrant Technologies,Full-time,"Participate in a team of developers to solve issues, create solutions, provide support for deployed applications.Back-end experience using JavaScript and C#."
22,Junior Software Engineer,Remote,Sora,Full-time,"You'll develop and ship frontend and backend features that enable our customers to keep their employee data in sync across the 3rd party tools they use, build…"
23,Junior iOS Developer (Remote),"Remote in Boston, MA",Drizly,"$78,200 - $92,000 a year","Drizly offers a huge selection and competitive pricing with a side of personalized content.Coworkers would describe you as a flexible, open communicator that…"
24,Junior Developer,Remote,Ametros Financial Corporation,Full-time,"Work alongside a diverse agile team to deliver software solutions across N-tier architectures.Monitor and troubleshoot 3rd party integrations, coordinating…"
25,Junior Software Developer,Remote,FrontierBPM,From $20 an hour,"The primary focus will be to learn the codebase, gather user data, and respond to requests from senior developers.Reports directly to: Lead Systems Architect*."
26,Jr. Software Developer,Remote,Protalent IT Services,"$85,000 - $105,000 a year","Should have hands-on working with HTML, CSS, JavaScript, and Core Java.2+ years of the experienced candidate in the field of Java."
27,Junior Java Developer,Remote,Genspark,Full-time,"1-4 year of working experience in developing business applications using OOPS concepts (without this experience, you may be considered for more junior training…"
28,Jr. Java Developer,Remote,Apex Consulting Services,"$50,137 - $103,044 a year","Experience in Coding using Java, C++, or Python.Strong fundamentals in Core java and data structures.Knowledge in front end technologies like HTML, CSS,…"
29,Junior Software Developer,"Remote in Boston, MA 02109",Clear Ballot Group,,"We are seeking an entry-level software developer.With guidance from senior developers, you will be responsible for using our audit tools suite (primarily…"
30,Junior Software Engineer,Remote,Xometry Inc,Full-time +1,"0-3 years of experience in a fast-paced technical, problem-solving environment as a software developer or software engineering intern."
31,Jr. Ruby on Rails Developer,Remote,HSI,Full-time,Interact closely with other developers and support in a team environment to resolve defects and clarify business needs.Integration of user-facing elements.
32,Junior Web Developer,Remote,Victory,Part-time,"We are looking for an outstanding Web Developer to be responsible for the coding, innovative design and layout of our client's websites."
33,Junior Back-End Software Developer,Remote,Warrant Technologies,Full-time,"Participate in a team of developers to solve issues, create solutions, provide support for deployed applications.Back-end experience using JavaScript and C#."
34,Junior Software Engineer,Remote,Sora,Full-time,"You'll develop and ship frontend and backend features that enable our customers to keep their employee data in sync across the 3rd party tools they use, build…"
35,Junior iOS Developer (Remote),"Remote in Boston, MA",Drizly,"$78,200 - $92,000 a year","Drizly offers a huge selection and competitive pricing with a side of personalized content.Coworkers would describe you as a flexible, open communicator that…"
36,Junior Developer,Remote,Ametros Financial Corporation,Full-time,"Work alongside a diverse agile team to deliver software solutions across N-tier architectures.Monitor and troubleshoot 3rd party integrations, coordinating…"
37,Junior Software Developer,Remote,FrontierBPM,From $20 an hour,"The primary focus will be to learn the codebase, gather user data, and respond to requests from senior developers.Reports directly to: Lead Systems Architect*."
38,Jr. Software Developer,Remote,Protalent IT Services,"$85,000 - $105,000 a year","Should have hands-on working with HTML, CSS, JavaScript, and Core Java.2+ years of the experienced candidate in the field of Java."
39,Junior Java Developer,Remote,Genspark,Full-time,"1-4 year of working experience in developing business applications using OOPS concepts (without this experience, you may be considered for more junior training…"
40,Jr. Java Developer,Remote,Apex Consulting Services,"$50,137 - $103,044 a year","Experience in Coding using Java, C++, or Python.Strong fundamentals in Core java and data structures.Knowledge in front end technologies like HTML, CSS,…"
41,Junior Software Developer,"Remote in Boston, MA 02109",Clear Ballot Group,,"We are seeking an entry-level software developer.With guidance from senior developers, you will be responsible for using our audit tools suite (primarily…"
42,.NET Software Developer Junior,Remote,ADT Security Services,"$55,000 - $69,000 a year","Collaborate with business analysts, developers, testers, and end users in conceptualizing and developing new software applications and features."
43,Junior/Middle .NET Developer,"Remote in Northbrook, IL 60062",Velvetech,,"US clients are leading trading and financial organizations, insurance companies, large healthcare associations, pharmaceutical and energy companies, equipment…"
44,Jr Full Stack Developer (Remote - Working on Pacific Time),"Remote in Grand Rapids, MI",Terry Berry,Full-time,BS degree in Computer Science or equivalent.1 -2 years Laravel/PHP.1 -2 years VueJS or similar Javascript framework.Ability to work on Pacific time.
45,Junior Frontend Engineer (Remote),Remote,"Flip to, Inc.","$60,000 - $90,000 a year","You would support our engineering team with customer integrations, provide ad hoc technical solutions, and interact with our clients across the world."
46,Junior Software Engineer,"Remote in Atlanta, GA",Salesloft,Full-time,We are looking for a *Junior Software Engineer* who understands fundamental computer science concepts to use modern tools and techniques to build world-class…
47,Junior Software Engineer,Remote,Xometry Inc,Full-time +1,"0-3 years of experience in a fast-paced technical, problem-solving environment as a software developer or software engineering intern."
48,Jr. Java Developer,Remote,Emonics,"From $60,000 a year",Bachelors / Master’s / Associate Degree in Computer Science /Engineering/MIS/Associate is preferred.Some programming experience like Java/JavaScript/Core Java…
49,Junior Developer,Remote,Silverback Strategies,,Assist with the management of technical projects throughout the development lifecycle and work alongside your teammates.401(k) with Employer Match.
50,Junior Java Developer,Remote,Genspark,Full-time,"1-4 year of working experience in developing business applications using OOPS concepts (without this experience, you may be considered for more junior training…"
51,Junior Software Developer,Remote,TRISTAR,Full-time,"Participate in a team of developers to solve issues, create solutions, provide support for deployed applications.Employee Type: Full-Time/ Exempt."
52,Junior Software Engineer,Remote,Luxoft,,"Team is responsible for the building the group of services, which will inject data from upstream systems into Analytical Platform, transform and store."
53,Jr Full Stack Developer (Remote - Working on Pacific Time),"Remote in Grand Rapids, MI",Terry Berry,Full-time,BS degree in Computer Science or equivalent.1 -2 years Laravel/PHP.1 -2 years VueJS or similar Javascript framework.Ability to work on Pacific time.
54,Junior iOS Developer (Remote),"Remote in Boston, MA",Drizly,"$78,200 - $92,000 a year","Drizly offers a huge selection and competitive pricing with a side of personalized content.Coworkers would describe you as a flexible, open communicator that…"
55,Junior WordPress Developer,Remote,Market My Market,$18 - $27 an hour,The candidate must be able to consider the end-user experience as well as the back-end usability and flexibility.Part-Time or Full-time.
56,Junior Software Engineer - Remot,Remote,"GPM Investments, LLC",Full-time,We are looking for an experienced developer who can solve any problem with various technologies.Some hands-on experience as a software developer or BS/MS…
57,Junior Software Developer (FT),Remote,Compliance Solutions Strategies,Full-time,"As a member of the CSS Software Development team, you will participate in the design, development, and implementation of an existing regulatory reporting system…"
58,Junior Mainframe Developer(W2 only),Remote,KSM Technologies,Full-time +3,"Job Types: Full-time, Part-time, Contract, Temporary."
59,Jr. Ruby on Rails Developer,Remote,HSI,Full-time,Interact closely with other developers and support in a team environment to resolve defects and clarify business needs.Integration of user-facing elements.
